<?xml version="1.0" encoding="utf-8"?>
<!--/1370356/875189/2.50/2/2/Diode ESD (Bi-directional)/-->
<quadcept_library>
  <setting unit="mil" />
  <textstyle name="Default" height="47.244094488189" strokewidth="7.8740157480315" charwidth="47.244094488189" />
  <textstyle name="Dimension" height="19.6850393700787" strokewidth="0" charwidth="19.6850393700787" />
  <textstyle name="H127W0635TH00762" height="50" strokewidth="3" charwidth="25" />
  <textstyle name="H15W15TH02" height="59.0551181102362" strokewidth="7.8740157480315" charwidth="59.0551181102362" />
  <padstyle name="r110_50" surface="True" plated="False" isvia="False" nopaste="False" nomask="True" complex="False" holesize="0">
    <padshape layer="TOP" shape="rectangle" width="19.685039370078" height="43.307086614173" />
    <padshape layer="TOP_SOLDER_MASK" shape="rectangle" width="27.55905511811" height="51.181102362204" />
    <padshape layer="TOP_SOLDER_PASTE" shape="rectangle" width="19.685039370078" height="43.307086614173" />
  </padstyle>
  <footprint name="SOD2512X110N" originx="0" originy="0" pickpointx="0" pickpointy="0">
    <pcbpin number="1" name="1" style="r110_50" originx="-45.275590551181" originy="0" rotation="90" />
    <pcbpin number="2" name="2" style="r110_50" originx="45.275590551181" originy="0" rotation="90" />
    <line layer="TOP_PLACE_BOUND" originx="-77.75590551181" originy="45.275590551181" endx="77.75590551181" endy="45.275590551181" width="1.9685039370079" />
    <line layer="TOP_PLACE_BOUND" originx="77.75590551181" originy="45.275590551181" endx="77.75590551181" endy="-45.275590551181" width="1.9685039370079" />
    <line layer="TOP_PLACE_BOUND" originx="77.75590551181" originy="-45.275590551181" endx="-77.75590551181" endy="-45.275590551181" width="1.9685039370079" />
    <line layer="TOP_PLACE_BOUND" originx="-77.75590551181" originy="-45.275590551181" endx="-77.75590551181" endy="45.275590551181" width="1.9685039370079" />
    <line layer="TOP_ASSEMBLY" originx="-33.464566929133" originy="24.606299212598" endx="33.464566929133" endy="24.606299212598" width="3.9370078740157" />
    <line layer="TOP_ASSEMBLY" originx="33.464566929133" originy="24.606299212598" endx="33.464566929133" endy="-24.606299212598" width="3.9370078740157" />
    <line layer="TOP_ASSEMBLY" originx="33.464566929133" originy="-24.606299212598" endx="-33.464566929133" endy="-24.606299212598" width="3.9370078740157" />
    <line layer="TOP_ASSEMBLY" originx="-33.464566929133" originy="-24.606299212598" endx="-33.464566929133" endy="24.606299212598" width="3.9370078740157" />
    <line layer="TOP_ASSEMBLY" originx="-33.464566929133" originy="2.9527559055118" endx="-11.811023622047" endy="24.606299212598" width="3.9370078740157" />
    <line layer="TOP_SILKSCREEN" originx="-66.929133858267" originy="24.606299212598" endx="33.464566929133" endy="24.606299212598" width="7.8740157480314" />
    <line layer="TOP_SILKSCREEN" originx="-33.464566929133" originy="-24.606299212598" endx="33.464566929133" endy="-24.606299212598" width="7.8740157480314" />
  </footprint>
  <symbol name="PESD1IVN27-AX" originx="0" originy="0">
    <line originx="400" originy="0" endx="200" endy="-100" width="0" />
    <line originx="200" originy="100" endx="200" endy="-100" width="0" />
    <line originx="200" originy="100" endx="400" endy="0" width="0" />
    <line originx="400" originy="0" endx="600" endy="-100" width="0" />
    <line originx="600" originy="100" endx="600" endy="-100" width="0" />
    <line originx="600" originy="100" endx="400" endy="0" width="0" />
    <line originx="400" originy="-180" endx="400" endy="180" width="0" />
    <line originx="440" originy="200" endx="400" endy="180" width="0" />
    <line originx="400" originy="-180" endx="360" endy="-200" width="0" />
    <sympin number="1" originx="200" originy="0" rotation="180" length="100" width="7.8740157480315" flipped="False">
      <text name="pinname" originx="0" originy="-20" style="Default" rotation="0" justify="upperleft" flipped="False" hidden="True" data="K1" />
      <text name="pindes" originx="0" originy="20" style="Default" rotation="0" justify="lowerleft" flipped="False" hidden="False" data="1" />
    </sympin>
    <sympin number="2" originx="600" originy="0" rotation="0" length="100" width="7.8740157480315" flipped="False">
      <text name="pinname" originx="800" originy="-20" style="Default" rotation="0" justify="upperright" flipped="False" hidden="True" data="K2" />
      <text name="pindes" originx="800" originy="20" style="Default" rotation="0" justify="lowerright" flipped="False" hidden="False" data="2" />
    </sympin>
  </symbol>
  <component name="PESD1IVN27-AX" designatorprefix="D" height="43.307086614173" footprint="SOD2512X110N">
    <comppin designator="1" sympin="1" pinswap="0" gateswap="0" gate="1" group="1" side="" type="Any" name="K1" />
    <comppin designator="2" sympin="2" pinswap="0" gateswap="0" gate="1" group="1" side="" type="Any" name="K2" />
    <attached_symbol gate="1" name="PESD1IVN27-AX" />
    <pinmap designator="1" footprintpin="1" />
    <pinmap designator="2" footprintpin="2" />
    <text name="Datasheet" originx="0" originy="0" style="Default" rotation="0" justify="" flipped="False" hidden="True" data="https://assets.nexperia.com/documents/data-sheet/PESD1IVN27-A.pdf" />
    <text name="Description" originx="0" originy="0" style="Default" rotation="0" justify="" flipped="False" hidden="True" data="ESD Suppressors / TVS Diodes ESD protection for In-vehicle networks" />
    <text name="Mouser Part Number" originx="0" originy="0" style="Default" rotation="0" justify="" flipped="False" hidden="True" data="771-PESD1IVN27-AX" />
    <text name="Mouser Price/Stock" originx="0" originy="0" style="Default" rotation="0" justify="" flipped="False" hidden="True" data="https://www.mouser.co.uk/ProductDetail/Nexperia/PESD1IVN27-AX?qs=0lQeLiL1qyYTtxrCfdJstQ%3D%3D" />
    <text name="Manufacturer_Name" originx="0" originy="0" style="Default" rotation="0" justify="" flipped="False" hidden="True" data="Nexperia" />
    <text name="Manufacturer_Part_Number" originx="600" originy="250" style="Default" rotation="0" justify="lowerleft" flipped="False" hidden="False" data="PESD1IVN27-AX" />
  </component>
</quadcept_library>
