<?xml version="1.0" encoding="utf-8"?>
<!--/18552413/875189/2.50/4/3/Connector/-->
<quadcept_library>
  <setting unit="mil" />
  <textstyle name="Default" height="47.244094488189" strokewidth="7.8740157480315" charwidth="47.244094488189" />
  <textstyle name="Dimension" height="19.6850393700787" strokewidth="0" charwidth="19.6850393700787" />
  <textstyle name="H127W0635TH00762" height="50" strokewidth="3" charwidth="25" />
  <textstyle name="H15W15TH02" height="59.0551181102362" strokewidth="7.8740157480315" charwidth="59.0551181102362" />
  <padstyle name="c210_h140" surface="False" plated="True" isvia="False" nopaste="True" nomask="True" complex="False" holesize="55.11811023622">
    <padshape layer="TOP" shape="round" width="82.67716535433" height="82.67716535433" />
    <padshape layer="TOP_SOLDER_MASK" shape="round" width="90.551181102361" height="90.551181102361" />
    <padshape layer="INNER" shape="round" width="82.67716535433" height="82.67716535433" />
    <padshape layer="BOTTOM" shape="round" width="82.67716535433" height="82.67716535433" />
    <padshape layer="BOTTOM_SOLDER_MASK" shape="round" width="90.551181102361" height="90.551181102361" />
  </padstyle>
  <padstyle name="s210_h140" surface="False" plated="True" isvia="False" nopaste="True" nomask="True" complex="False" holesize="55.11811023622">
    <padshape layer="TOP" shape="square" width="82.67716535433" height="82.67716535433" />
    <padshape layer="TOP_SOLDER_MASK" shape="square" width="90.551181102361" height="90.551181102361" />
    <padshape layer="INNER" shape="square" width="82.67716535433" height="82.67716535433" />
    <padshape layer="BOTTOM" shape="square" width="82.67716535433" height="82.67716535433" />
    <padshape layer="BOTTOM_SOLDER_MASK" shape="square" width="90.551181102361" height="90.551181102361" />
  </padstyle>
  <footprint name="HX0201800000G" originx="0" originy="0" pickpointx="0" pickpointy="0">
    <pcbpin number="1" name="1" style="s210_h140" originx="0" originy="0" rotation="90" />
    <pcbpin number="2" name="2" style="c210_h140" originx="0" originy="196.85039370078" rotation="90" />
    <pcbpin number="3" name="3" style="c210_h140" originx="196.85039370078" originy="0" rotation="90" />
    <pcbpin number="4" name="4" style="c210_h140" originx="196.85039370078" originy="196.85039370078" rotation="90" />
    <line layer="TOP_ASSEMBLY" originx="-133.85826771653" originy="507.87401574803" endx="314.96062992126" endy="507.87401574803" width="3.9370078740157" />
    <line layer="TOP_ASSEMBLY" originx="314.96062992126" originy="507.87401574803" endx="314.96062992126" endy="-102.36220472441" width="3.9370078740157" />
    <line layer="TOP_ASSEMBLY" originx="314.96062992126" originy="-102.36220472441" endx="-133.85826771653" endy="-102.36220472441" width="3.9370078740157" />
    <line layer="TOP_ASSEMBLY" originx="-133.85826771653" originy="-102.36220472441" endx="-133.85826771653" endy="507.87401574803" width="3.9370078740157" />
    <line layer="TOP_SILKSCREEN" originx="-133.85826771653" originy="507.87401574803" endx="314.96062992126" endy="507.87401574803" width="7.8740157480314" />
    <line layer="TOP_SILKSCREEN" originx="314.96062992126" originy="507.87401574803" endx="314.96062992126" endy="-102.36220472441" width="7.8740157480314" />
    <line layer="TOP_SILKSCREEN" originx="314.96062992126" originy="-102.36220472441" endx="-133.85826771653" endy="-102.36220472441" width="7.8740157480314" />
    <line layer="TOP_SILKSCREEN" originx="-133.85826771653" originy="-102.36220472441" endx="-133.85826771653" endy="507.87401574803" width="7.8740157480314" />
    <line layer="TOP_PLACE_BOUND" originx="-173.22834645669" originy="547.24409448818" endx="354.33070866141" endy="547.24409448818" width="3.9370078740157" />
    <line layer="TOP_PLACE_BOUND" originx="354.33070866141" originy="547.24409448818" endx="354.33070866141" endy="-141.73228346457" width="3.9370078740157" />
    <line layer="TOP_PLACE_BOUND" originx="354.33070866141" originy="-141.73228346457" endx="-173.22834645669" endy="-141.73228346457" width="3.9370078740157" />
    <line layer="TOP_PLACE_BOUND" originx="-173.22834645669" originy="-141.73228346457" endx="-173.22834645669" endy="547.24409448818" width="3.9370078740157" />
    <line layer="TOP_SILKSCREEN" originx="-153.54330708661" originy="0" endx="-153.54330708661" endy="0" width="3.9370078740157" />
    <arc layer="TOP_SILKSCREEN" originx="-155.51181102362" originy="0" startangle=".0" sweepangle="180.0" radius="1.9685039370079" width="3.9370078740157" />
    <line layer="TOP_SILKSCREEN" originx="-157.48031496063" originy="0" endx="-157.48031496063" endy="0" width="3.9370078740157" />
    <arc layer="TOP_SILKSCREEN" originx="-155.51181102362" originy="0" startangle="180.0" sweepangle="180.0" radius="1.9685039370079" width="3.9370078740157" />
  </footprint>
  <symbol name="HX0201800000G" originx="0" originy="0">
    <line originx="200" originy="100" endx="600" endy="100" width="0" />
    <line originx="600" originy="-200" endx="600" endy="100" width="0" />
    <line originx="600" originy="-200" endx="200" endy="-200" width="0" />
    <line originx="200" originy="100" endx="200" endy="-200" width="0" />
    <sympin number="1" originx="200" originy="-100" rotation="180" length="100" width="7.8740157480315" flipped="False">
      <text name="pinname" originx="230" originy="-100" style="Default" rotation="0" justify="left" flipped="False" hidden="False" data="1" />
      <text name="pindes" originx="140" originy="-80" style="Default" rotation="0" justify="lowerright" flipped="False" hidden="False" data="1" />
    </sympin>
    <sympin number="2" originx="200" originy="0" rotation="180" length="100" width="7.8740157480315" flipped="False">
      <text name="pinname" originx="230" originy="0" style="Default" rotation="0" justify="left" flipped="False" hidden="False" data="2" />
      <text name="pindes" originx="140" originy="20" style="Default" rotation="0" justify="lowerright" flipped="False" hidden="False" data="2" />
    </sympin>
    <sympin number="3" originx="600" originy="-100" rotation="0" length="100" width="7.8740157480315" flipped="False">
      <text name="pinname" originx="570" originy="-100" style="Default" rotation="0" justify="right" flipped="False" hidden="False" data="3" />
      <text name="pindes" originx="660" originy="-80" style="Default" rotation="0" justify="lowerleft" flipped="False" hidden="False" data="3" />
    </sympin>
    <sympin number="4" originx="600" originy="0" rotation="0" length="100" width="7.8740157480315" flipped="False">
      <text name="pinname" originx="570" originy="0" style="Default" rotation="0" justify="right" flipped="False" hidden="False" data="4" />
      <text name="pindes" originx="660" originy="20" style="Default" rotation="0" justify="lowerleft" flipped="False" hidden="False" data="4" />
    </sympin>
  </symbol>
  <component name="HX0201800000G" designatorprefix="J" height="503.93700787401" footprint="HX0201800000G">
    <comppin designator="1" sympin="1" pinswap="0" gateswap="0" gate="1" group="1" side="" type="Any" name="1" />
    <comppin designator="2" sympin="2" pinswap="0" gateswap="0" gate="1" group="1" side="" type="Any" name="2" />
    <comppin designator="3" sympin="3" pinswap="0" gateswap="0" gate="1" group="1" side="" type="Any" name="3" />
    <comppin designator="4" sympin="4" pinswap="0" gateswap="0" gate="1" group="1" side="" type="Any" name="4" />
    <attached_symbol gate="1" name="HX0201800000G" />
    <pinmap designator="1" footprintpin="1" />
    <pinmap designator="2" footprintpin="2" />
    <pinmap designator="3" footprintpin="3" />
    <pinmap designator="4" footprintpin="4" />
    <text name="Datasheet" originx="0" originy="0" style="Default" rotation="0" justify="" flipped="False" hidden="True" data="" />
    <text name="Description" originx="0" originy="0" style="Default" rotation="0" justify="" flipped="False" hidden="True" data="Fixed Terminal Blocks TB SPRING CLAMP 180D" />
    <text name="Mouser Part Number" originx="0" originy="0" style="Default" rotation="0" justify="" flipped="False" hidden="True" data="649-HX02018000J0G" />
    <text name="Mouser Price/Stock" originx="0" originy="0" style="Default" rotation="0" justify="" flipped="False" hidden="True" data="https://www.mouser.co.uk/ProductDetail/Amphenol-Anytek/HX0201800000G?qs=Mv7BduZupUjWRzKlnc0xpw%3D%3D" />
    <text name="Manufacturer_Name" originx="0" originy="0" style="Default" rotation="0" justify="" flipped="False" hidden="True" data="Amphenol" />
    <text name="Manufacturer_Part_Number" originx="650" originy="200" style="Default" rotation="0" justify="left" flipped="False" hidden="False" data="HX0201800000G" />
  </component>
</quadcept_library>
