<?xml version="1.0" encoding="utf-8"?>
<!--/15352633/875189/2.50/2/4/Fuse/-->
<quadcept_library>
  <setting unit="mil" />
  <textstyle name="Default" height="47.244094488189" strokewidth="7.8740157480315" charwidth="47.244094488189" />
  <textstyle name="Dimension" height="19.6850393700787" strokewidth="0" charwidth="19.6850393700787" />
  <textstyle name="H127W0635TH00762" height="50" strokewidth="3" charwidth="25" />
  <textstyle name="H15W15TH02" height="59.0551181102362" strokewidth="7.8740157480315" charwidth="59.0551181102362" />
  <padstyle name="r110_85" surface="True" plated="False" isvia="False" nopaste="False" nomask="True" complex="False" holesize="0">
    <padshape layer="TOP" shape="rectangle" width="33.464566929133" height="43.307086614173" />
    <padshape layer="TOP_SOLDER_MASK" shape="rectangle" width="41.338582677165" height="51.181102362204" />
    <padshape layer="TOP_SOLDER_PASTE" shape="rectangle" width="33.464566929133" height="43.307086614173" />
  </padstyle>
  <footprint name="F0603G0R03FNTR" originx="0" originy="0" pickpointx="0" pickpointy="0">
    <pcbpin number="1" name="1" style="r110_85" originx="-30.511811023622" originy="0" rotation="0" />
    <pcbpin number="2" name="2" style="r110_85" originx="30.511811023622" originy="0" rotation="0" />
    <line layer="TOP_ASSEMBLY" originx="-31.496062992126" originy="-15.944881889764" endx="31.496062992126" endy="-15.944881889764" width="3.9370078740157" />
    <line layer="TOP_ASSEMBLY" originx="31.496062992126" originy="-15.944881889764" endx="31.496062992126" endy="15.944881889764" width="3.9370078740157" />
    <line layer="TOP_ASSEMBLY" originx="31.496062992126" originy="15.944881889764" endx="-31.496062992126" endy="15.944881889764" width="3.9370078740157" />
    <line layer="TOP_ASSEMBLY" originx="-31.496062992126" originy="15.944881889764" endx="-31.496062992126" endy="-15.944881889764" width="3.9370078740157" />
    <line layer="TOP_PLACE_BOUND" originx="-86.614173228345" originy="61.023622047243" endx="86.614173228345" endy="61.023622047243" width="3.9370078740157" />
    <line layer="TOP_PLACE_BOUND" originx="86.614173228345" originy="61.023622047243" endx="86.614173228345" endy="-61.023622047243" width="3.9370078740157" />
    <line layer="TOP_PLACE_BOUND" originx="86.614173228345" originy="-61.023622047243" endx="-86.614173228345" endy="-61.023622047243" width="3.9370078740157" />
    <line layer="TOP_PLACE_BOUND" originx="-86.614173228345" originy="-61.023622047243" endx="-86.614173228345" endy="61.023622047243" width="3.9370078740157" />
    <line layer="TOP_SILKSCREEN" originx="-70.866141732283" originy="0" endx="-70.866141732283" endy="0" width="7.8740157480314" />
    <arc layer="TOP_SILKSCREEN" originx="-68.897637795275" originy="0" startangle="180.0" sweepangle="180.0" radius="1.9685039370079" width="7.8740157480314" />
    <line layer="TOP_SILKSCREEN" originx="-66.929133858267" originy="0" endx="-66.929133858267" endy="0" width="7.8740157480314" />
    <arc layer="TOP_SILKSCREEN" originx="-68.897637795275" originy="0" startangle=".0" sweepangle="180.0" radius="1.9685039370079" width="7.8740157480314" />
    <line layer="TOP_SILKSCREEN" originx="-70.866141732283" originy="0" endx="-70.866141732283" endy="0" width="7.8740157480314" />
    <arc layer="TOP_SILKSCREEN" originx="-68.897637795275" originy="0" startangle="180.0" sweepangle="180.0" radius="1.9685039370079" width="7.8740157480314" />
  </footprint>
  <symbol name="F0603G0R03FNTR" originx="0" originy="0">
    <line originx="200" originy="50" endx="500" endy="50" width="0" />
    <line originx="500" originy="-50" endx="500" endy="50" width="0" />
    <line originx="500" originy="-50" endx="200" endy="-50" width="0" />
    <line originx="200" originy="50" endx="200" endy="-50" width="0" />
    <line originx="200" originy="0" endx="500" endy="0" width="0" />
    <sympin number="1" originx="200" originy="0" rotation="180" length="100" width="7.8740157480315" flipped="False">
      <text name="pinname" originx="0" originy="-10" style="Default" rotation="0" justify="upperleft" flipped="False" hidden="True" data="1" />
      <text name="pindes" originx="0" originy="10" style="Default" rotation="0" justify="lowerleft" flipped="False" hidden="False" data="1" />
    </sympin>
    <sympin number="2" originx="500" originy="0" rotation="0" length="100" width="7.8740157480315" flipped="False">
      <text name="pinname" originx="700" originy="-10" style="Default" rotation="0" justify="upperright" flipped="False" hidden="True" data="2" />
      <text name="pindes" originx="700" originy="10" style="Default" rotation="0" justify="lowerright" flipped="False" hidden="False" data="2" />
    </sympin>
  </symbol>
  <component name="F0603G0R03FNTR" designatorprefix="F" height="27.952755905511" footprint="F0603G0R03FNTR">
    <comppin designator="1" sympin="1" pinswap="0" gateswap="0" gate="1" group="1" side="" type="Any" name="1" />
    <comppin designator="2" sympin="2" pinswap="0" gateswap="0" gate="1" group="1" side="" type="Any" name="2" />
    <attached_symbol gate="1" name="F0603G0R03FNTR" />
    <pinmap designator="1" footprintpin="1" />
    <pinmap designator="2" footprintpin="2" />
    <text name="Datasheet" originx="0" originy="0" style="Default" rotation="0" justify="" flipped="False" hidden="True" data="https://www.mouser.fr/datasheet/2/40/AccuGuardLC_0402-932635.pdf" />
    <text name="Description" originx="0" originy="0" style="Default" rotation="0" justify="" flipped="False" hidden="True" data="Surface Mount Fuses .0375A 4.8mOhm Red Thin Film Fuses 0603" />
    <text name="Mouser Part Number" originx="0" originy="0" style="Default" rotation="0" justify="" flipped="False" hidden="True" data="581-F0603G0R03FNTR" />
    <text name="Mouser Price/Stock" originx="0" originy="0" style="Default" rotation="0" justify="" flipped="False" hidden="True" data="https://www.mouser.co.uk/ProductDetail/Kyocera-AVX/F0603G0R03FNTR?qs=%252BdQmOuGyFcF4KSz8iSws5w%3D%3D" />
    <text name="Manufacturer_Name" originx="0" originy="0" style="Default" rotation="0" justify="" flipped="False" hidden="True" data="Kyocera AVX" />
    <text name="Manufacturer_Part_Number" originx="550" originy="150" style="Default" rotation="0" justify="left" flipped="False" hidden="False" data="F0603G0R03FNTR" />
  </component>
</quadcept_library>
